{"flutter":{"platforms":{"android":{"default":{"projectId":"mobile2-b7914","appId":"1:820320428284:android:4b3b09005dc6ab5b79f779","fileOutput":"android/app/google-services.json"}},"ios":{"default":{"projectId":"mobile2-b7914","appId":"1:820320428284:ios:c07a0d4f957bcc7f79f779","uploadDebugSymbols":false,"fileOutput":"ios/Runner/GoogleService-Info.plist"}},"macos":{"default":{"projectId":"mobile2-b7914","appId":"1:820320428284:ios:c07a0d4f957bcc7f79f779","uploadDebugSymbols":false,"fileOutput":"macos/Runner/GoogleService-Info.plist"}},"dart":{"lib/firebase_options.dart":{"projectId":"mobile2-b7914","configurations":{"android":"1:820320428284:android:4b3b09005dc6ab5b79f779","ios":"1:820320428284:ios:c07a0d4f957bcc7f79f779","macos":"1:820320428284:ios:c07a0d4f957bcc7f79f779","web":"1:820320428284:web:86ff19f46e8f1c8f79f779","windows":"1:820320428284:web:8dc0adbe7aafdf0179f779"}}}}}}