{
  "project_info": {
    "project_number": "820320428284",
    "firebase_url": "https://mobile2-b7914-default-rtdb.europe-west1.firebasedatabase.app",
    "project_id": "mobile2-b7914",
    "storage_bucket": "mobile2-b7914.appspot.com"
  },
  "client": [
    {
      "client_info": {
        "mobilesdk_app_id": "1:820320428284:android:4b3b09005dc6ab5b79f779",
        "android_client_info": {
          "package_name": "com.example.project"
        }
      },
      "oauth_client": [],
      "api_key": [
        {
          "current_key": "AIzaSyCMVhFUPTB74EpweDcnwvLLliz5-T9p8N4"
        }
      ],
      "services": {
        "appinvite_service": {
          "other_platform_oauth_client": []
        }
      }
    }
  ],
  "configuration_version": "1"
}